id,story,age,situation,ration,bank,work,money,kisan,ignoaps,ignwps,igndps,nfbs,pmsby,pmjjby,apy,pmkisan,pmjay,eshram,pmsym,pmjdy
sb-s01,"Widow, 67, Antyodaya card, Jan Dhan account, does not work",67,widow,aay,yes,not_working,le15k,no,,,,,,,,,,,,
sb-s02,"Daily-wage worker, 32, priority card, no bank account, earns about Rs 9,000",32,none,bpl_phh,no,unorganised,le15k,no,,,,,,,,,,,,
sb-s03,"Farmer, 45, owns 2 acres, APL card, bank account, nobody in the family pays tax",45,none,apl,yes,farmer_land,le15k,no,,,,,,,,,,,,
sb-s04,"Retired labourer, 74, BPL card, bank account",74,none,bpl_phh,yes,not_working,le15k,no,,,,,,,,,,,,
sb-s05,"Woman, 38, husband (the earner) died last year, BPL card, domestic worker, bank account",38,widow+earner_died,bpl_phh,yes,unorganised,le15k,no,,,,,,,,,,,,
sb-s06,"Man, 52, 85% disability certificate, Antyodaya card, no bank account, not working",52,disability80,aay,no,not_working,le15k,no,,,,,,,,,,,,
sb-s07,"Government school teacher, 35, APL card, salary account, pays income tax",35,none,apl,yes,government,taxpayer,yes,,,,,,,,,,,,
sb-s08,"Factory worker with PF, 28, priority card, bank account, earns Rs 18,000",28,none,bpl_phh,yes,salaried_pf,gt15k,no,,,,,,,,,,,,
sb-s09,"Street vendor, 40, no ration card, bank account, earns Rs 12,000",40,none,none,yes,unorganised,le15k,no,,,,,,,,,,,,
sb-s10,"Farm labourer, 59, Antyodaya card, no bank account",59,none,aay,no,farm_labour,le15k,no,,,,,,,,,,,,
sb-s11,"Grandmother, 81, widow, BPL card, bank account",81,widow,bpl_phh,yes,not_working,le15k,no,,,,,,,,,,,,
sb-s12,"Farmer, 62, land in his name, retired Group D peon with an Rs 8,000 pension, BPL card",62,none,bpl_phh,yes,farmer_land,le15k,no,,,,,,,,,,,,
sb-s13,"Farmer, 48, owns land, wife is a practising doctor",48,none,apl,yes,farmer_land,gt15k,yes,,,,,,,,,,,,
sb-s14,"Boy, 17, helps in the family shop, no bank account, no ration card",17,none,none,no,unorganised,le15k,no,,,,,,,,,,,,
sb-s15,"Homemaker, 70, APL card, savings account",70,none,apl,yes,not_working,le15k,no,,,,,,,,,,,,
sb-s16,"Delivery rider, 24, does not know the ration card type, bank account, earns Rs 16,000",24,none,dont_know,yes,unorganised,gt15k,no,,,,,,,,,,,,
sb-s17,"Widow, 45, no ration card, no bank account, domestic help",45,widow,none,no,unorganised,le15k,no,,,,,,,,,,,,
sb-s18,"Man, 55, his wife (the main earner) died at 50, Antyodaya card, not sure about a bank account",55,earner_died,aay,dont_know,not_working,le15k,no,,,,,,,,,,,,
sb-s19,"Home-based tailor, 41, 80% disability certificate, priority card, bank account, unsure about tax",41,disability80,bpl_phh,yes,unorganised,dont_know,no,,,,,,,,,,,,
sb-s20,"Unemployed man, 30, APL card, no bank account",30,none,apl,no,not_working,le15k,no,,,,,,,,,,,,
sb-g001,,19,none,bpl_phh,yes,salaried_pf,le15k,no,,,,,,,,,,,,
sb-g002,,92,earner_died,none,yes,farm_labour,le15k,no,,,,,,,,,,,,
sb-g003,,28,widow+earner_died,none,yes,farmer_land,dont_know,yes,,,,,,,,,,,,
sb-g004,,93,none,apl,yes,not_working,le15k,yes,,,,,,,,,,,,
sb-g005,,38,widow,bpl_phh,dont_know,not_working,le15k,no,,,,,,,,,,,,
sb-g006,,19,none,aay,yes,government,le15k,no,,,,,,,,,,,,
sb-g007,,39,none,aay,yes,farm_labour,dont_know,dont_know,,,,,,,,,,,,
sb-g008,,21,widow+disability80,aay,dont_know,farm_labour,le15k,dont_know,,,,,,,,,,,,
sb-g009,,50,widow,apl,no,salaried_pf,le15k,no,,,,,,,,,,,,
sb-g010,,66,none,none,yes,farm_labour,gt15k,no,,,,,,,,,,,,
sb-g011,,17,none,apl,yes,farm_labour,le15k,no,,,,,,,,,,,,
sb-g012,,60,widow,apl,no,salaried_pf,le15k,no,,,,,,,,,,,,
sb-g013,,49,none,bpl_phh,yes,not_working,le15k,no,,,,,,,,,,,,
sb-g014,,93,none,apl,no,farmer_land,gt15k,no,,,,,,,,,,,,
sb-g015,,81,widow,bpl_phh,yes,farm_labour,le15k,no,,,,,,,,,,,,
sb-g016,,47,none,dont_know,yes,farmer_land,gt15k,yes,,,,,,,,,,,,
sb-g017,,65,widow,apl,no,government,le15k,no,,,,,,,,,,,,
sb-g018,,92,none,apl,yes,unorganised,le15k,no,,,,,,,,,,,,
sb-g019,,90,disability80,apl,yes,salaried_pf,gt15k,no,,,,,,,,,,,,
sb-g020,,58,earner_died,none,dont_know,unorganised,gt15k,no,,,,,,,,,,,,
sb-g021,,57,widow+earner_died,apl,no,unorganised,le15k,yes,,,,,,,,,,,,
sb-g022,,27,none,none,yes,not_working,gt15k,no,,,,,,,,,,,,
sb-g023,,51,widow,apl,no,farmer_land,gt15k,no,,,,,,,,,,,,
sb-g024,,19,widow+disability80,aay,yes,salaried_pf,taxpayer,no,,,,,,,,,,,,
sb-g025,,60,none,bpl_phh,yes,unorganised,taxpayer,no,,,,,,,,,,,,
sb-g026,,71,none,bpl_phh,yes,farm_labour,gt15k,yes,,,,,,,,,,,,
sb-g027,,77,none,bpl_phh,yes,farm_labour,le15k,no,,,,,,,,,,,,
sb-g028,,74,none,apl,no,farmer_land,le15k,no,,,,,,,,,,,,
sb-g029,,22,none,none,no,farmer_land,dont_know,yes,,,,,,,,,,,,
sb-g030,,41,widow,aay,dont_know,unorganised,le15k,no,,,,,,,,,,,,
sb-g031,,59,disability80,none,no,not_working,le15k,no,,,,,,,,,,,,
sb-g032,,60,disability80,apl,yes,farm_labour,taxpayer,yes,,,,,,,,,,,,
sb-g033,,86,widow,bpl_phh,no,government,dont_know,yes,,,,,,,,,,,,
sb-g034,,61,none,apl,no,farm_labour,gt15k,no,,,,,,,,,,,,
sb-g035,,77,none,bpl_phh,yes,government,gt15k,no,,,,,,,,,,,,
sb-g036,,86,disability80,apl,yes,government,gt15k,no,,,,,,,,,,,,
sb-g037,,91,none,dont_know,yes,not_working,taxpayer,dont_know,,,,,,,,,,,,
sb-g038,,41,none,apl,no,not_working,gt15k,no,,,,,,,,,,,,
sb-g039,,79,widow,none,dont_know,unorganised,gt15k,dont_know,,,,,,,,,,,,
sb-g040,,59,none,apl,yes,salaried_pf,gt15k,no,,,,,,,,,,,,
sb-g041,,87,none,aay,yes,government,le15k,no,,,,,,,,,,,,
sb-g042,,50,none,apl,no,government,le15k,dont_know,,,,,,,,,,,,
sb-g043,,41,widow+disability80,aay,no,government,le15k,no,,,,,,,,,,,,
sb-g044,,93,none,bpl_phh,yes,government,gt15k,no,,,,,,,,,,,,
sb-g045,,89,disability80,bpl_phh,yes,salaried_pf,le15k,no,,,,,,,,,,,,
sb-g046,,15,none,aay,no,farmer_land,taxpayer,dont_know,,,,,,,,,,,,
sb-g047,,69,none,apl,dont_know,government,gt15k,no,,,,,,,,,,,,
sb-g048,,69,widow,apl,dont_know,farm_labour,le15k,no,,,,,,,,,,,,
sb-g049,,61,earner_died,bpl_phh,no,government,le15k,dont_know,,,,,,,,,,,,
sb-g050,,50,none,bpl_phh,no,salaried_pf,le15k,no,,,,,,,,,,,,
sb-g051,,58,earner_died,dont_know,yes,not_working,taxpayer,no,,,,,,,,,,,,
sb-g052,,60,earner_died,bpl_phh,yes,farmer_land,gt15k,no,,,,,,,,,,,,
sb-g053,,18,none,apl,yes,farm_labour,le15k,yes,,,,,,,,,,,,
sb-g054,,19,none,dont_know,no,unorganised,dont_know,no,,,,,,,,,,,,
sb-g055,,88,none,aay,yes,not_working,le15k,dont_know,,,,,,,,,,,,
sb-g056,,16,widow,bpl_phh,yes,farm_labour,le15k,no,,,,,,,,,,,,
sb-g057,,41,widow,bpl_phh,yes,unorganised,le15k,no,,,,,,,,,,,,
sb-g058,,17,widow+disability80,aay,yes,farmer_land,le15k,dont_know,,,,,,,,,,,,
sb-g059,,18,none,bpl_phh,yes,not_working,le15k,no,,,,,,,,,,,,
sb-g060,,58,widow,apl,no,government,dont_know,yes,,,,,,,,,,,,
sb-g061,,39,widow+earner_died,bpl_phh,no,not_working,dont_know,no,,,,,,,,,,,,
sb-g062,,59,disability80,apl,yes,farm_labour,le15k,no,,,,,,,,,,,,
sb-g063,,71,earner_died,none,yes,farm_labour,le15k,no,,,,,,,,,,,,
sb-g064,,63,none,apl,yes,salaried_pf,taxpayer,no,,,,,,,,,,,,
sb-g065,,49,widow,apl,no,farmer_land,le15k,no,,,,,,,,,,,,
sb-g066,,88,widow,none,yes,unorganised,le15k,yes,,,,,,,,,,,,
sb-g067,,48,disability80,bpl_phh,yes,unorganised,le15k,no,,,,,,,,,,,,
sb-g068,,77,none,apl,yes,not_working,gt15k,no,,,,,,,,,,,,
sb-g069,,80,none,apl,no,farmer_land,gt15k,yes,,,,,,,,,,,,
sb-g070,,17,none,bpl_phh,yes,salaried_pf,le15k,yes,,,,,,,,,,,,
sb-g071,,51,none,bpl_phh,yes,farmer_land,le15k,no,,,,,,,,,,,,
sb-g072,,79,widow+earner_died,bpl_phh,no,salaried_pf,le15k,no,,,,,,,,,,,,
sb-g073,,67,none,bpl_phh,yes,government,le15k,no,,,,,,,,,,,,
sb-g074,,22,widow,bpl_phh,yes,farm_labour,gt15k,no,,,,,,,,,,,,
sb-g075,,49,widow,none,no,farm_labour,le15k,no,,,,,,,,,,,,
sb-g076,,49,none,dont_know,yes,government,le15k,no,,,,,,,,,,,,
sb-g077,,46,none,apl,yes,unorganised,gt15k,no,,,,,,,,,,,,
sb-g078,,36,none,aay,no,farm_labour,le15k,yes,,,,,,,,,,,,
sb-g079,,19,none,none,no,unorganised,le15k,yes,,,,,,,,,,,,
sb-g080,,15,none,aay,no,salaried_pf,le15k,yes,,,,,,,,,,,,
sb-g081,,15,widow+disability80,apl,yes,not_working,le15k,yes,,,,,,,,,,,,
sb-g082,,67,none,bpl_phh,yes,farm_labour,dont_know,no,,,,,,,,,,,,
sb-g083,,40,earner_died,dont_know,yes,farm_labour,dont_know,yes,,,,,,,,,,,,
sb-g084,,79,none,bpl_phh,yes,salaried_pf,gt15k,no,,,,,,,,,,,,
sb-g085,,88,none,apl,no,farmer_land,gt15k,no,,,,,,,,,,,,
sb-g086,,59,widow+earner_died,aay,no,unorganised,le15k,dont_know,,,,,,,,,,,,
sb-g087,,72,earner_died,aay,yes,unorganised,gt15k,no,,,,,,,,,,,,
sb-g088,,18,widow,aay,yes,farm_labour,le15k,yes,,,,,,,,,,,,
sb-g089,,81,none,bpl_phh,yes,salaried_pf,gt15k,yes,,,,,,,,,,,,
sb-g090,,50,widow+earner_died,aay,no,unorganised,le15k,no,,,,,,,,,,,,
sb-g091,,90,widow,bpl_phh,no,farmer_land,le15k,no,,,,,,,,,,,,
sb-g092,,45,widow,dont_know,yes,salaried_pf,le15k,no,,,,,,,,,,,,
sb-g093,,59,none,bpl_phh,yes,farm_labour,le15k,no,,,,,,,,,,,,
sb-g094,,28,none,bpl_phh,no,farm_labour,dont_know,no,,,,,,,,,,,,
sb-g095,,40,earner_died,none,yes,farmer_land,gt15k,no,,,,,,,,,,,,
sb-g096,,26,none,bpl_phh,yes,not_working,gt15k,dont_know,,,,,,,,,,,,
sb-g097,,17,none,bpl_phh,no,farmer_land,le15k,no,,,,,,,,,,,,
sb-g098,,51,none,bpl_phh,no,farmer_land,le15k,no,,,,,,,,,,,,
sb-g099,,73,none,aay,yes,salaried_pf,le15k,no,,,,,,,,,,,,
sb-g100,,71,none,bpl_phh,no,not_working,gt15k,no,,,,,,,,,,,,
sb-g101,,58,earner_died,apl,yes,government,le15k,no,,,,,,,,,,,,
sb-g102,,40,earner_died,bpl_phh,yes,unorganised,taxpayer,no,,,,,,,,,,,,
sb-g103,,70,none,none,yes,farmer_land,gt15k,no,,,,,,,,,,,,
sb-g104,,92,none,dont_know,yes,salaried_pf,le15k,no,,,,,,,,,,,,
sb-g105,,15,widow,none,no,not_working,le15k,no,,,,,,,,,,,,
sb-g106,,95,earner_died,bpl_phh,yes,unorganised,le15k,no,,,,,,,,,,,,
sb-g107,,72,widow,none,yes,farm_labour,le15k,no,,,,,,,,,,,,
sb-g108,,49,earner_died,apl,no,farm_labour,le15k,no,,,,,,,,,,,,
sb-g109,,51,widow,apl,yes,unorganised,le15k,no,,,,,,,,,,,,
sb-g110,,61,none,bpl_phh,dont_know,salaried_pf,taxpayer,dont_know,,,,,,,,,,,,
sb-g111,,58,none,bpl_phh,no,farm_labour,le15k,no,,,,,,,,,,,,
sb-g112,,89,earner_died,dont_know,yes,salaried_pf,le15k,no,,,,,,,,,,,,
sb-g113,,59,none,bpl_phh,yes,unorganised,le15k,no,,,,,,,,,,,,
sb-g114,,40,none,none,yes,farmer_land,gt15k,no,,,,,,,,,,,,
sb-g115,,68,none,bpl_phh,no,unorganised,gt15k,no,,,,,,,,,,,,
sb-g116,,16,earner_died,bpl_phh,dont_know,unorganised,gt15k,no,,,,,,,,,,,,
sb-g117,,50,none,bpl_phh,yes,farm_labour,gt15k,no,,,,,,,,,,,,
sb-g118,,15,none,apl,no,salaried_pf,taxpayer,yes,,,,,,,,,,,,
sb-g119,,76,none,none,yes,farmer_land,le15k,dont_know,,,,,,,,,,,,
sb-g120,,76,none,apl,yes,farmer_land,gt15k,dont_know,,,,,,,,,,,,
sb-g121,,81,none,aay,yes,farm_labour,taxpayer,yes,,,,,,,,,,,,
sb-g122,,78,widow,apl,no,salaried_pf,gt15k,yes,,,,,,,,,,,,
sb-g123,,17,widow,bpl_phh,no,farmer_land,le15k,no,,,,,,,,,,,,
sb-g124,,60,none,bpl_phh,yes,farm_labour,gt15k,no,,,,,,,,,,,,
sb-g125,,24,disability80+earner_died,bpl_phh,no,salaried_pf,le15k,no,,,,,,,,,,,,
sb-g126,,79,disability80,bpl_phh,no,farmer_land,le15k,no,,,,,,,,,,,,
sb-g127,,34,widow,none,dont_know,not_working,gt15k,yes,,,,,,,,,,,,
sb-g128,,59,none,bpl_phh,yes,salaried_pf,taxpayer,no,,,,,,,,,,,,
sb-g129,,15,widow,bpl_phh,no,government,taxpayer,no,,,,,,,,,,,,
sb-g130,,28,none,dont_know,yes,farm_labour,le15k,no,,,,,,,,,,,,
sb-g131,,60,none,aay,yes,not_working,dont_know,yes,,,,,,,,,,,,
sb-g132,,51,widow,apl,yes,farm_labour,le15k,no,,,,,,,,,,,,
sb-g133,,59,none,bpl_phh,no,government,le15k,no,,,,,,,,,,,,
sb-g134,,40,earner_died,none,yes,salaried_pf,gt15k,dont_know,,,,,,,,,,,,
sb-g135,,33,widow+earner_died,aay,yes,not_working,le15k,no,,,,,,,,,,,,
sb-g136,,41,none,bpl_phh,dont_know,not_working,gt15k,yes,,,,,,,,,,,,
sb-g137,,75,widow,bpl_phh,yes,farm_labour,dont_know,no,,,,,,,,,,,,
sb-g138,,14,widow,apl,yes,farm_labour,le15k,no,,,,,,,,,,,,
sb-g139,,60,none,bpl_phh,yes,unorganised,le15k,dont_know,,,,,,,,,,,,
sb-g140,,33,earner_died,apl,yes,not_working,le15k,no,,,,,,,,,,,,
sb-g141,,69,none,bpl_phh,yes,farmer_land,le15k,no,,,,,,,,,,,,
sb-g142,,78,widow,bpl_phh,yes,salaried_pf,le15k,no,,,,,,,,,,,,
sb-g143,,28,none,aay,yes,farm_labour,dont_know,no,,,,,,,,,,,,
sb-g144,,69,none,bpl_phh,yes,salaried_pf,taxpayer,yes,,,,,,,,,,,,
sb-g145,,70,disability80,bpl_phh,yes,salaried_pf,gt15k,dont_know,,,,,,,,,,,,
sb-g146,,59,none,bpl_phh,yes,unorganised,taxpayer,no,,,,,,,,,,,,
sb-g147,,50,earner_died,apl,yes,farm_labour,taxpayer,no,,,,,,,,,,,,
sb-g148,,87,none,dont_know,yes,salaried_pf,taxpayer,yes,,,,,,,,,,,,
sb-g149,,17,none,aay,yes,unorganised,le15k,no,,,,,,,,,,,,
sb-g150,,50,earner_died,none,yes,government,gt15k,yes,,,,,,,,,,,,
sb-g151,,85,widow,bpl_phh,yes,unorganised,le15k,dont_know,,,,,,,,,,,,
sb-g152,,54,widow,dont_know,yes,salaried_pf,taxpayer,no,,,,,,,,,,,,
sb-g153,,26,none,dont_know,no,farm_labour,le15k,no,,,,,,,,,,,,
sb-g154,,51,none,dont_know,no,salaried_pf,le15k,no,,,,,,,,,,,,
sb-g155,,60,none,aay,no,not_working,le15k,no,,,,,,,,,,,,
sb-g156,,19,none,none,yes,farmer_land,le15k,dont_know,,,,,,,,,,,,
sb-g157,,79,none,apl,yes,salaried_pf,le15k,no,,,,,,,,,,,,
sb-g158,,78,none,dont_know,yes,salaried_pf,dont_know,no,,,,,,,,,,,,
sb-g159,,69,none,aay,dont_know,farmer_land,gt15k,no,,,,,,,,,,,,
sb-g160,,39,none,bpl_phh,yes,farm_labour,gt15k,no,,,,,,,,,,,,
sb-g161,,54,none,aay,yes,government,le15k,dont_know,,,,,,,,,,,,
sb-g162,,84,none,bpl_phh,yes,government,dont_know,no,,,,,,,,,,,,
sb-g163,,65,widow,none,yes,farmer_land,le15k,no,,,,,,,,,,,,
sb-g164,,95,earner_died,bpl_phh,dont_know,farmer_land,dont_know,no,,,,,,,,,,,,
sb-g165,,92,widow,apl,yes,not_working,gt15k,no,,,,,,,,,,,,
sb-g166,,17,earner_died,bpl_phh,yes,unorganised,le15k,no,,,,,,,,,,,,
sb-g167,,80,widow,aay,no,farm_labour,le15k,yes,,,,,,,,,,,,
sb-g168,,18,none,bpl_phh,yes,unorganised,gt15k,no,,,,,,,,,,,,
sb-g169,,93,disability80,apl,dont_know,farmer_land,gt15k,yes,,,,,,,,,,,,
sb-g170,,53,widow,apl,dont_know,farm_labour,dont_know,no,,,,,,,,,,,,
sb-g171,,70,none,aay,no,farm_labour,gt15k,no,,,,,,,,,,,,
sb-g172,,94,widow,bpl_phh,no,not_working,le15k,no,,,,,,,,,,,,
sb-g173,,41,none,aay,yes,salaried_pf,le15k,yes,,,,,,,,,,,,
sb-g174,,55,none,bpl_phh,yes,farmer_land,taxpayer,no,,,,,,,,,,,,
sb-g175,,50,none,bpl_phh,yes,unorganised,le15k,dont_know,,,,,,,,,,,,
sb-g176,,81,widow,apl,yes,government,le15k,no,,,,,,,,,,,,
sb-g177,,41,none,apl,yes,not_working,le15k,yes,,,,,,,,,,,,
sb-g178,,52,none,bpl_phh,yes,unorganised,dont_know,no,,,,,,,,,,,,
sb-g179,,63,none,apl,dont_know,farm_labour,le15k,no,,,,,,,,,,,,
sb-g180,,50,widow,none,yes,unorganised,le15k,dont_know,,,,,,,,,,,,
